,,,,,,,,,,Snow Depth  Measurements,,,,,,,,,,,,,,,,,,,,,,,,,
station & tank,Station,Tank,DeployYear,Tank liner,DeployOrder,X,Y,Z,,01-Jan-08,01-Jan-09,01-Jan-10,01-Feb-10,01-Dec-10,01-Feb-11,16-Nov-11,19-Feb-12,21-Oct-12,9-Jan-13,21-Feb-13,25-Oct-13,11-Dec-13,8-Mar-14,3-Nov-14,27-Feb-15,28-Oct-15,28-Dec-15,1-Apr-16,10-Oct-16,22-Dec-16,8-Mar-17,13-Nov-17,9-Mar-18,4-Nov-18,6-Mar-19
01A,1,A,2011,Zirco,76,-265.58,-497.61,1944.7,,-,-,-,-,-,0.077,0.287,0.327,0.467,0.437,0.437,0.727,0.757,0.767,0.907,0.967,1.187,1.237,1.227,1.427,1.437,1.467,1.697,1.721,1.949,1.924
01B,1,B,2011,Zirco,76,-255.76,-495.79,1944.75,,-,-,-,-,-,0.032,0.207,0.197,0.287,0.297,0.307,0.597,0.607,0.597,0.977,0.977,1.087,1.167,1.167,1.297,1.397,1.407,1.487,1.525,1.703,1.932
02A,2,A,2009,Zirco,55,-140.41,-477.48,1945.24,,-,-,0.01,-,0.042,0.011,0.043,0.053,0.253,0.243,0.233,0.603,0.603,0.673,0.653,0.693,0.763,0.783,0.803,0.923,0.933,0.993,1.053,1.069,1.247,1.247
02B,2,B,2009,Zirco,55,-130.66,-476.29,1945.22,,-,-,0.012,-,0.037,0.029,0.073,0.113,0.203,0.193,0.233,0.383,0.383,0.423,0.733,0.753,0.883,0.873,0.873,0.923,1.013,1.073,1.153,1.146,1.196,1.247
03A,3,A,2009,Zirco,56,-27.9,-464.26,1945.41,,-,-,0,-,0.033,0.004,0.029,0.069,0.239,0.209,0.239,0.319,0.349,0.399,0.499,0.579,0.679,0.829,0.819,0.979,1.009,1.019,1.149,1.223,1.477,1.452
03B,3,B,2009,Zirco,56,-20.55,-458.73,1945.28,,-,-,0,-,0.077,0.038,0.103,0.133,0.333,0.313,0.313,0.453,0.453,0.483,0.693,0.683,0.973,0.953,0.953,1.183,1.213,1.213,1.293,1.415,1.466,1.491
04A,4,A,2009,Zirco,51,105.6,-438.42,1945.15,,-,-,0.045,-,0.239,0.192,0.337,0.337,0.607,0.597,0.577,0.627,0.627,0.667,0.997,1.017,1.127,1.107,1.127,1.147,1.157,1.237,1.397,1.388,1.566,1.591
04B,4,B,2009,Zirco,51,115.2,-436.58,1945.38,,-,-,0,-,0.105,0.08,0.13,0.17,0.38,0.4,0.38,0.43,0.45,0.5,0.85,0.89,0.92,0.98,0.98,1.05,1.04,1.11,1.1,1.137,1.315,1.417
05A,5,A,2009,Zirco,52,214.5,-432.25,1945.32,,-,-,0.021,-,0.084,0.059,0.139,0.169,0.349,0.329,0.339,0.369,0.389,0.439,0.629,0.659,0.739,0.739,0.699,0.879,0.899,0.789,1.059,1.061,1.112,1.162
05B,5,B,2009,Zirco,52,219.66,-424.53,1945.46,,-,-,0,-,0.02,0,0.111,0.131,0.241,0.231,0.241,0.341,0.331,0.371,0.411,0.451,0.531,0.551,0.551,0.651,0.641,0.661,0.761,0.793,0.946,0.920
06A,6,A,2009,Zirco,41,356.6,-397.84,1946.38,,-,-,0.033,-,0.265,0.222,0.357,0.297,0.357,0.387,0.387,0.577,0.577,0.627,0.877,0.926,0.937,0.927,0.927,1.057,1.037,1.047,1.467,1.434,1.409,1.511
06B,6,B,2009,Zirco,41,366.21,-398.09,1946.44,,-,-,0.048,-,0.394,0.322,0.295,0.375,0.575,0.565,0.545,0.785,0.755,0.805,0.815,0.899,0.905,0.895,0.925,1.025,1.105,1.115,1.275,1.344,1.559,1.483
07A,7,A,2011,Zirco,77,-344.09,-400.19,1945.38,,-,-,-,-,-,-,0.19,0.07,0.08,0.12,0.13,0.3,0.31,0.38,0.69,0.655,0.85,0.86,0.89,1.18,1.16,1.21,1.28,1.341,1.646,1.621
07B,7,B,2011,Zirco,77,-334.37,-398.72,1945.13,,-,-,-,-,-,-,0.049,0.159,0.299,0.299,0.279,0.609,0.639,0.659,0.879,0.923,1.139,1.179,1.209,1.349,1.429,1.479,1.539,1.583,1.888,1.914
08A,8,A,2010,Zirco,60,-231.42,-389.04,1944.97,,-,-,-,-,0.173,0.133,0.466,0.466,0.806,0.826,0.786,0.966,0.856,0.996,1.276,1.288,1.546,1.516,1.506,1.686,1.676,1.706,1.736,1.783,2.025,2.075
08B,8,B,2010,Zirco,60,-224.38,-382.73,1945.05,,-,-,-,-,0.048,0.013,0.393,0.523,0.683,0.693,0.653,1.033,1.063,1.043,1.203,1.28,1.393,1.443,1.473,1.553,1.573,1.643,1.753,1.827,1.928,1.992
09A,9,A,2009,Zirco,57,-85.13,-359.45,1944.9,,-,-,0.104,-,0.13,0.08,0.248,0.278,0.378,0.318,0.418,0.618,0.618,0.618,0.648,0.703,0.798,0.818,0.868,0.908,0.908,1.038,1.108,1.084,1.262,1.262
09B,9,B,2009,Zirco,57,-75.99,-362.16,1945,,-,-,0.011,-,0.097,0.058,0.117,0.197,0.247,0.397,0.307,0.487,0.457,0.467,0.707,0.698,0.707,0.747,0.777,0.867,0.897,0.957,1.067,1.053,1.130,1.180
10A,10,A,2009,Zirco,50,25,-342.2,1944.97,,-,-,0.033,-,0.163,0.101,0.177,0.227,0.367,0.307,0.517,0.727,0.747,0.737,0.767,0.87,0.967,1.017,1.007,1.047,1.037,1.057,1.277,1.251,1.404,1.378
10B,10,B,2009,Zirco,50,34.44,-339.47,1945.07,,-,-,0.034,-,0.071,0.036,0.157,0.227,0.347,0.437,0.327,0.417,0.407,0.467,0.807,0.769,0.827,0.877,0.877,0.887,0.877,0.947,1.087,1.124,1.251,1.353
11A,11,A,2009,Zirco,53,135.26,-353.45,1945.3,,-,-,0.003,-,0.14,0.057,0.28,0.39,0.48,0.46,0.45,0.68,0.66,0.7,0.75,0.802,0.89,0.9,0.9,0.91,0.93,0.97,1.06,1.082,1.260,1.234
11B,11,B,2009,Zirco,53,133.94,-343.55,1945.28,,-,-,0.016,-,0.157,0,0.268,0.298,0.488,0.448,0.458,0.588,0.698,0.598,0.818,0.871,0.868,0.948,0.928,0.948,0.928,0.948,0.998,0.998,0.998,1.074
12A,12,A,2009,Zirco,42,279.12,-300.17,1945.34,,-,-,0,-,0.044,0,0.085,0.095,0.095,0.075,0.095,0.255,0.255,0.255,0.275,0.273,0.275,0.365,0.355,0.495,0.525,0.555,0.715,0.704,0.755,0.807
12B,12,B,2009,Zirco,42,288.77,-301.22,1945.43,,-,-,0,-,0.024,0,0.063,0.073,0.073,0.073,0.073,0.103,0.153,0.193,0.273,0.379,0.383,0.413,0.413,0.503,0.503,0.643,0.703,0.735,0.786,0.938
13A,13,A,2009,Zirco,46,385.92,-290.1,1946.33,,-,-,0.221,-,0.326,0.301,0.51,0.57,0.71,0.71,0.7,0.93,0.98,1.01,1.23,1.196,1.26,1.32,1.34,1.6,1.57,1.59,1.87,1.895,1.996,2.301
13B,13,B,2009,Zirco,46,393.25,-283.56,1946.32,,-,-,0.21,-,0.46,0.418,0.617,0.847,0.907,0.867,0.847,1.167,1.137,1.137,1.267,1.267,1.457,1.477,1.457,1.707,1.747,1.747,2.057,2.054,2.130,2.410
14A,14,A,2011,Zirco,78,-389.8,-335.85,1944.91,,-,-,-,-,-,-,0.304,0.364,0.574,0.534,0.524,0.654,0.814,0.804,1.114,1.127,1.114,1.124,1.114,1.304,1.334,1.394,1.564,1.534,1.940,1.801
14B,14,B,2011,Zirco,78,-395.18,-344.06,1944.87,,-,-,-,-,-,-,0.446,0.456,0.546,0.596,0.586,0.726,0.806,0.786,1.126,1.084,1.266,1.236,1.206,1.446,1.536,1.566,1.806,1.783,2.024,2.062
15A,15,A,2010,Zirco,64,-265.41,-305.03,1945.25,,-,-,-,-,0.24,0.287,0.412,0.452,0.722,0.702,0.702,0.942,0.962,1.042,1.192,1.244,1.402,1.462,1.432,1.542,1.542,1.582,1.742,1.727,1.905,1.943
15B,15,B,2010,Zirco,64,-266.58,-314.82,1945.24,,-,-,-,-,0.363,0.318,0.518,0.568,0.718,0.778,0.768,1.078,1.098,1.108,1.228,1.266,1.398,1.488,1.538,1.558,1.578,1.588,1.988,1.939,1.990,2.117
16A,16,A,2010,Zirco,61,-182.38,-267.86,1945.18,,-,-,-,-,0.133,0.093,0.401,0.491,0.781,0.751,0.721,0.991,0.991,0.971,1.151,1.201,1.301,1.391,1.391,1.521,1.491,1.571,1.711,1.697,1.981,1.963
16B,16,B,2010,Zirco,61,-173.14,-263.58,1945.14,,-,-,-,-,0.035,0.087,0.3,0.43,0.8,0.73,0.71,0.97,0.98,0.99,1.25,1.301,1.35,1.37,1.4,1.54,1.61,1.63,1.76,1.746,1.987,1.936
17A,17,A,2009,Zirco,58,-40.27,-242.77,1944.57,,-,-,0.009,-,0.099,0.059,0.309,0.299,0.409,0.409,0.439,0.739,0.799,0.839,1.229,1.167,1.319,1.389,1.419,1.719,1.699,1.699,1.829,1.802,2.031,2.107
17B,17,B,2009,Zirco,58,-30.91,-245.79,1944.67,,-,-,0.001,-,0.046,0,0.177,0.197,0.357,0.387,0.407,0.607,0.667,0.697,1.027,1.084,1.197,1.237,1.227,1.377,1.357,1.377,1.597,1.567,1.872,1.897
18A,18,A,2009,Zirco,54,66.23,-226.92,1944.54,,-,-,0.068,-,0.161,0.1,0.17,0.22,0.37,0.36,0.36,0.41,0.45,0.46,0.66,0.716,0.81,0.83,0.87,0.96,1.09,1.08,1.18,1.25,1.402,1.402
18B,18,B,2009,Zirco,54,75.59,-223.46,1944.61,,-,-,0,-,0.049,0.014,0.179,0.169,0.219,0.209,0.289,0.419,0.409,0.389,0.649,0.691,0.829,0.899,0.889,0.909,0.909,0.919,1.089,1.148,1.173,1.224
19A,19,A,2009,Zirco,43,210.26,-184.81,1945.04,,-,-,0.001,-,0.197,0.131,0.171,0.201,0.441,0.441,0.411,0.571,0.561,0.561,0.781,0.763,1.051,1.141,1.121,1.171,1.171,1.191,1.261,1.334,1.499,1.525
19B,19,B,2009,Zirco,43,220.06,-185.96,1945.16,,-,-,0,-,0.065,0.021,0.161,0.161,0.281,0.321,0.311,0.481,0.381,0.361,0.571,0.552,0.821,0.831,0.851,0.891,0.921,0.961,1.091,1.124,1.225,1.251
20A,20,A,2009,Zirco,47,311.26,-228.66,1945.18,,-,-,0.039,-,0.067,0.031,0.128,0.158,0.098,0.228,0.238,0.418,0.448,0.468,0.778,0.785,0.788,0.798,0.798,1.088,1.128,1.188,1.638,1.572,1.649,1.649
20B,20,B,2009,Zirco,47,305.05,-221.04,1945.02,,-,-,0.01,-,0.05,0.011,0.081,0.091,0.211,0.131,0.171,0.331,0.411,0.441,0.681,0.666,0.721,0.721,0.731,1.081,1.061,1.081,1.711,1.657,1.657,1.632
21A,21,A,2005,Tyvek,1,441.54,-212.91,1947.27,,0.9,0.81,1.219,-,1.52,1.461,1.695,1.725,1.935,1.925,1.895,2.095,2.135,2.125,2.465,2.477,2.575,2.545,2.595,2.815,2.815,2.785,3.105,3.074,3.277,3.290
21B,21,B,2005,Tyvek,1,432.8,-207.26,1947.21,,0.9,0.79,1.301,-,1.443,1.386,1.674,1.694,2.024,1.994,1.974,2.204,2.204,2.204,2.434,2.448,2.524,2.534,2.514,2.714,2.714,2.734,2.974,3.007,3.324,3.273
22A,22,A,2011,Zirco,75,-468.7,-238.58,1944.84,,-,-,-,-,-,0.167,0.337,0.327,0.537,0.517,0.537,0.717,0.787,0.847,1.007,1.004,1.347,1.347,1.347,1.477,1.467,1.517,1.707,1.766,1.766,1.817
22B,22,B,2011,Zirco,75,-473.96,-246.92,1944.76,,-,-,-,-,-,0.001,0.396,0.371,0.601,0.541,0.591,1.021,1.061,1.081,1.251,1.348,1.341,1.381,1.481,1.641,1.631,1.621,1.711,1.755,2.009,2.047
23A,23,A,2010,Zirco,68,-389.16,-194.61,1945.21,,-,-,-,-,0.09,0.05,0.265,0.265,0.565,0.525,0.555,0.785,0.835,0.875,1.035,1.097,1.265,1.275,1.275,1.525,1.505,1.545,1.615,1.668,1.922,1.960
23B,23,B,2010,Zirco,68,-381.51,-188.44,1945.21,,-,-,-,-,0.066,0.102,0.232,0.252,0.472,0.442,0.442,0.662,0.742,0.762,0.932,0.964,1.182,1.292,1.372,1.512,1.542,1.572,1.632,1.637,1.879,1.917
24A,24,A,2010,Zirco,65,-225.21,-175.63,1945.15,,-,-,-,-,0.325,0.282,0.557,0.577,0.697,0.717,0.727,0.967,0.947,0.977,1.137,1.304,1.427,1.397,1.417,1.527,1.577,1.597,1.917,1.876,2.028,2.041
24B,24,B,2010,Zirco,65,-221.11,-184.35,1945.21,,-,-,-,-,0.416,0.361,0.568,0.578,0.758,0.798,0.788,0.998,0.988,0.838,1.188,1.194,1.368,1.368,1.568,1.568,1.558,1.568,1.808,1.829,2.057,2.057
25A,25,A,2010,Zirco,62,-102.28,-155.67,1945.22,,-,-,-,-,0.449,0.347,0.877,0.857,1.077,1.087,1.077,1.597,1.577,1.547,1.947,1.919,1.997,2.017,2.067,2.247,2.277,2.317,2.717,2.718,3.048,3.023
25B,25,B,2010,Zirco,62,-98.05,-164.55,1945.18,,-,-,-,-,0.375,0.305,0.695,0.665,0.985,0.915,0.905,1.325,1.315,1.305,1.675,1.765,1.965,1.965,1.925,2.255,2.235,2.215,2.705,2.645,2.861,2.949
26A,26,A,2009,Zirco,59,13.29,-129.59,1944.78,,-,-,0.246,-,1.032,0.872,1.522,1.462,1.532,1.562,1.532,1.952,1.952,1.902,2.252,2.19,2.612,2.592,2.582,2.662,2.792,2.782,2.752,2.762,3.168,3.143
26B,26,B,2009,Zirco,59,21.12,-135.68,1944.65,,-,-,0.063,-,0.723,0.613,1.053,1.073,1.293,1.293,1.293,1.633,1.653,1.593,2.043,2.023,2.293,2.343,2.303,2.663,2.363,2.373,2.503,2.481,2.620,2.620
27A,27,A,2009,Zirco,44,125.65,-105.91,1944.59,,-,-,0.061,-,0.334,0.286,0.386,0.396,0.406,0.426,0.426,0.686,0.736,0.786,0.836,0.996,1.056,1.106,1.106,1.406,1.376,1.416,1.626,1.657,2.012,1.987
27B,27,B,2009,Zirco,44,135.02,-108.43,1944.73,,-,-,0.083,-,0.289,0.216,0.316,0.326,0.406,0.396,0.416,0.846,0.816,0.826,1.116,1.144,1.146,1.186,1.156,1.366,1.466,1.446,1.686,1.741,1.804,1.855
28A,28,A,2009,Zirco,48,228.56,-95.62,1946.2,,-,-,0.026,-,0.201,0.15,0.42,0.47,0.68,0.66,0.68,1,0.99,0.99,1.16,1.165,1.37,1.49,1.46,1.56,1.58,1.59,1.84,1.8,1.940,1.991
28B,28,B,2009,Zirco,48,235.93,-89.63,1946.2,,-,-,0,-,0.416,0.356,0.671,0.671,0.921,0.911,0.941,1.401,1.391,1.361,1.421,1.501,1.651,1.681,1.641,1.701,1.711,1.771,2.031,1.996,2.225,2.174
29A,29,A,2005,Tyvek,2,363.26,-115.94,1946.59,,1.2,1.16,1.798,-,1.802,1.85425,2.359,2.339,2.469,2.529,2.519,2.809,2.809,2.839,2.939,3.023,3.079,3.139,3.109,3.369,3.369,3.369,3.6093,3.63,3.884,3.884
29B,29,B,2005,Tyvek,2,354.62,-110.32,1946.64,,0.94,1.1,1.401,-,1.63,1.5636,1.924,1.894,2.054,2.094,2.104,2.634,2.664,2.644,2.924,2.893,2.894,2.874,2.854,3.244,3.204,3.224,3.3636,3.363,3.754,3.702
30A,30,A,2005,Tyvek,3,523.94,-67.48,1949.51,,0.45,0.69,0.795,0.809,0.884,0.86,1.14,1.18,1.43,1.42,1.42,1.67,1.64,1.65,1.84,1.863,2.01,2.03,2.02,2.16,2.15,2.19,2.28,2.43,2.532,2.608
30B,30,B,2005,Tyvek,3,518.38,-76.23,1949.35,,0.45,0.81,0.925,0.924,1.143,1.094,1.314,1.374,1.624,1.584,1.594,1.734,1.734,1.794,1.914,1.956,2.064,2.034,2.074,2.294,2.334,2.344,2.354,2.394,2.509,2.750
31A,31,A,2011,Zirco,74,-547.68,-141.59,1944.68,,-,-,-,-,-,0.15,0.392,0.362,0.612,0.582,0.602,0.862,0.872,0.892,1.072,1.106,1.292,1.372,1.362,1.502,1.562,1.572,1.742,1.732,1.792,1.970
31B,31,B,2011,Zirco,74,-553.27,-149.66,1944.67,,-,-,-,-,-,0.203,0.333,0.373,0.593,0.593,0.603,0.863,0.863,0.873,1.233,1.156,1.403,1.413,1.393,1.663,1.643,1.643,1.643,1.753,1.842,1.868
32A,32,A,2010,Zirco,67,-452.62,-88.09,1945.17,,-,-,-,-,0.328,0.278,0.386,0.451,0.601,0.601,0.641,0.881,0.901,0.931,1.001,1.022,1.271,1.291,1.301,1.501,1.491,1.481,1.641,1.682,1.835,1.860
32B,32,B,2010,Zirco,67,-442.76,-88.33,1945.13,,-,-,-,-,0.202,0.166,0.409,0.354,0.684,0.634,0.634,0.834,0.894,0.954,1.024,1.073,1.344,1.374,1.344,1.554,1.574,1.584,1.834,1.797,1.962,1.949
33A,33,A,2010,Zirco,69,-304.3,-78.36,1945.16,,-,-,-,-,0.282,0.252,0.436,0.456,0.656,0.666,0.666,0.926,0.896,0.916,1.066,1.159,1.306,1.306,1.326,1.596,1.566,1.566,1.856,1.819,1.921,2.022
33B,33,B,2010,Zirco,69,-300.29,-87.26,1945.09,,-,-,-,-,0.362,0.354,0.619,0.619,0.699,0.679,0.679,1.069,1.069,1.069,1.419,1.368,1.379,1.459,1.439,1.569,1.599,1.649,1.799,1.761,1.964,2.168
34A,34,A,2010,Zirco,66,-180.8,-58.61,1945.37,,-,-,-,-,0.209,0.237,0.343,0.353,0.713,0.663,0.633,0.893,0.863,0.883,1.083,1.143,1.273,1.263,1.273,1.403,1.533,1.583,1.583,1.74,1.982,1.944
34B,34,B,2010,Zirco,66,-176.12,-68.07,1945.5,,-,-,-,-,0.277,0.203,0.318,0.368,0.628,0.598,0.628,0.688,0.788,0.828,0.958,1.072,1.108,1.138,1.138,1.288,1.168,1.358,1.458,1.568,1.885,1.847
35A,35,A,2010,Zirco,63,-86.44,-30.7,1945.96,,-,-,-,-,0.264,0.244,0.59,0.76,0.87,0.86,0.89,1.33,1.31,1.28,1.28,1.322,1.32,1.38,1.4,1.68,1.67,1.75,1.93,1.932,2.230,2.233
35B,35,B,2010,Zirco,63,-76.54,-29.19,1946.21,,-,-,-,-,0.421,0.416,0.638,0.698,0.938,1.008,0.998,1.018,1.058,1.118,1.218,1.303,1.338,1.338,1.338,1.548,1.548,1.568,1.828,1.798,2.198,2.221
36A,36,A,2009,Zirco,45,37.29,-57.61,1946.64,,-,-,0.002,-,0.086,0.201,0.332,0.332,0.372,0.412,0.372,0.612,0.592,0.592,1.142,1.101,1.222,1.242,-,1.432,1.422,1.392,1.572,1.571,1.736,1.762
36B,36,B,2009,Zirco,45,29.03,-53.05,1946.74,,-,-,0.001,-,0.238,0.304,0.349,0.379,0.589,0.589,0.559,0.709,0.739,0.759,1.289,1.311,1.429,1.489,-,1.549,1.539,1.539,1.899,1.87,1.997,2.098
37A,37,A,2009,Zirco,49,150.52,-31.21,1946.59,,-,-,0,-,0.003,0.005,-0.012,0.008,0.008,0.008,-0.002,0.028,0.088,0.088,0.238,0.232,0.238,0.228,0.238,0.468,0.458,0.458,0.668,0.65,0.827,0.878
37B,37,B,2009,Zirco,49,145.09,-22.79,1946.3,,-,-,0.034,-,0.057,0,0.066,0.096,0.116,0.126,0.126,0.306,0.236,0.306,0.316,0.501,0.486,0.496,0.486,0.496,0.526,0.606,0.796,0.805,0.932,1.008
38A,38,A,2006,Zirco,5,316.28,-3.95,1948.23,,0.1,0.89,-,1.57,1.549,1.6286,1.766,1.766,1.886,1.836,1.836,1.836,1.856,1.846,2.216,2.185,2.286,2.306,2.416,2.446,2.516,2.506,2.5856,2.591,2.743,2.985
38B,38,B,2006,Zirco,5,311.31,-12.58,1947.94,,0.1,0.8,-,1.716,1.71,1.6476,1.874,1.894,2.024,1.994,1.964,1.964,1.974,1.974,2.214,2.195,2.214,2.214,2.204,2.404,2.404,2.414,2.5636,2.551,2.741,2.957
39A,39,A,2005,Tyvek,4,434.73,4.09,1949.28,,1.4,1.31,1.023,1.015,1.626,1.578,1.689,1.689,1.749,1.849,1.789,2.079,2.069,2.089,2.449,2.488,2.649,2.649,2.629,2.789,2.789,2.799,3.059,3.022,3.187,3.415
39B,39,B,2005,Tyvek,4,429.82,-4.72,1949.28,,0.85,-,0.843,0.903,1.544,1.468,1.769,1.899,1.889,1.809,1.859,2.119,2.139,2.139,2.489,2.47,2.619,2.669,2.649,2.819,2.909,2.909,3.069,3.092,3.537,3.791
40A,40,A,2006,Zirco,6,530.46,20.72,1949.2,,0.35,0.66,0.883,0.919,1.109,1.109,1.399,1.389,1.479,1.519,1.539,1.709,1.749,1.759,1.879,1.999,2.139,2.129,2.119,2.269,2.289,2.389,2.629,2.612,2.727,2.828
40B,40,B,2006,Zirco,6,521.88,25.34,1949.18,,0.6,0.81,0.896,0.924,1.166,1.156,1.274,1.304,1.504,1.524,1.504,1.754,1.754,1.774,1.834,1.907,2.064,2.084,2.074,2.324,2.324,2.314,2.504,2.524,2.803,2.828
41A,41,A,2010,Zirco,70,-506.53,-0.72,1944.78,,-,-,-,-,0.449,0.421,0.676,0.756,0.956,0.926,0.926,1.116,1.136,1.126,1.336,1.456,1.576,1.586,1.576,1.676,1.706,1.716,1.966,1.824,2.028,2.078
41B,41,B,2010,Zirco,70,-501.97,-9.62,1944.95,,-,-,-,-,0.414,0.431,0.475,0.545,0.875,0.875,0.865,1.105,1.075,1.115,1.265,1.28,1.435,1.475,1.505,1.655,1.675,1.685,1.785,1.839,2.067,2.067
42A,42,A,2010,Zirco,72,-383.28,18.44,1945.37,,-,-,-,-,0.218,0.176,0.304,0.344,0.594,0.444,0.564,0.724,0.764,0.764,1.064,1.189,1.304,1.294,1.254,1.434,1.434,1.454,1.604,1.646,1.849,1.849
42B,42,B,2010,Zirco,72,-378.85,9.84,1945.3,,-,-,-,-,0.286,0.354,0.746,0.431,0.661,0.611,0.631,1.041,1.031,1.021,1.161,1.21,1.301,1.331,1.401,1.521,1.571,1.571,1.741,1.718,1.908,1.921
43A,43,A,2010,Zirco,73,-260.01,38.74,1945.16,,-,-,-,-,0.514,0.441,0.477,0.587,0.737,0.747,0.737,1.017,1.087,1.097,1.217,1.256,1.427,1.617,1.557,1.587,1.597,1.607,1.887,1.929,2.081,2.145
43B,43,B,2010,Zirco,73,-255.52,29.25,1945.17,,-,-,-,-,0.408,0.378,0.463,0.573,0.863,0.893,0.923,1.173,1.143,1.143,1.273,1.3,1.423,1.503,1.473,1.683,1.733,1.723,1.823,1.834,1.986,2.101
44A,44,A,2008,Zirco,38,-131.2,38.16,1945.5,,-,0.15,0.385,-,0.713,0.652,0.937,0.927,1.197,1.177,1.167,1.357,1.327,1.357,1.737,1.713,1.867,1.977,1.937,2.157,2.297,2.297,2.277,2.288,2.529,2.529
44B,44,B,2008,Zirco,38,-134.7,29.33,1945.61,,-,0.06,0.174,-,0.708,0.602,0.747,0.687,1.057,1.047,1.047,1.397,1.367,1.427,1.587,1.577,1.947,1.917,1.887,1.927,1.967,1.967,2.037,2.059,2.326,2.415
45A,45,A,2008,Zirco,30,-43.32,40.23,1945.93,,-,0.44,0.711,0.731,1.232,1.166,1.286,1.306,1.466,1.496,1.406,1.586,1.576,1.696,2.056,2.07,2.226,2.306,2.276,2.366,2.526,2.576,2.626,2.676,2.930,3.247
45B,45,B,2008,Zirco,30,-51.3,46.02,1945.9,,-,0.2,0.58,0.601,1.075,0.982,1.217,1.177,1.287,1.297,1.307,1.697,1.677,1.607,1.907,1.862,2.097,2.077,2.107,2.207,2.337,2.337,2.617,2.608,2.874,2.913
46A,46,A,2007,Zirco,17,71.09,66.7,1946.07,,0.33,0.51,0.77,0.794,1.202,1.126,1.381,1.421,1.691,1.721,1.761,2.071,2.081,2.021,2.221,2.23,2.461,2.501,2.481,2.611,2.701,2.691,2.881,2.894,3.071,3.173
46B,46,B,2007,Zirco,17,66.82,75.25,1946.05,,0.33,0.58,0.862,0.86,1.269,1.213,1.42,1.45,1.79,1.74,1.73,1.92,2.02,2.02,2.26,2.287,2.36,2.46,2.47,2.72,2.69,2.73,2.86,2.847,3.127,3.165
47A,47,A,2006,Zirco,13,172.4,114.49,1947.1,,0.15,0.53,-,1.425,1.621,1.546,1.691,1.731,1.731,1.791,1.781,1.791,1.811,1.811,2.401,2.33,2.321,2.301,2.281,2.371,2.361,2.381,2.531,2.52,2.863,2.812
47B,47,B,2006,Zirco,13,170,124.17,1947,,0.4,0.72,-,1.634,1.769,1.746,1.898,1.918,1.908,1.938,1.928,2.078,2.108,2.098,2.478,2.448,2.508,2.498,2.498,2.528,2.528,2.568,2.818,2.804,2.880,2.982
48A,48,A,2006,Zirco,9,365.29,151.25,1949.8,,0.2,0.57,1.07,1.061,1.398,1.398,1.626,1.617,1.766,1.736,1.736,2.046,2.096,2.086,2.216,2.288,2.486,2.566,2.556,2.586,2.676,2.736,3.396,3.376,3.490,3.401
48B,48,B,2006,Zirco,9,356.88,156.59,1949.82,,0.45,0.83,0.866,0.889,1.17,1.145,1.377,1.366,1.567,1.567,1.557,1.657,1.717,1.807,2.167,2.111,2.357,2.397,2.377,2.447,2.517,2.547,2.897,2.897,3.047,3.098
49A,49,A,2006,Zirco,8,495.5,137,1949.6,,0.5,0.65,0.897,0.942,1.115,1.064,1.304,1.444,1.544,1.834,1.534,1.794,1.784,1.764,1.924,1.984,2.084,2.254,2.254,2.264,2.334,2.374,2.574,2.579,2.783,2.922
49B,49,B,2006,Zirco,8,497.05,127.53,1949.59,,0.5,0.64,0.943,0.948,1.184,1.15,1.445,1.465,1.565,1.615,1.615,1.865,1.965,1.945,2.065,2.099,2.125,2.245,2.225,2.295,2.345,2.405,2.715,2.667,2.921,2.933
50A,50,A,2006,Zirco,7,604.34,147.29,1949.83,,0.4,0.64,0.862,0.898,1.218,1.12,1.343,1.323,1.433,1.523,1.513,1.613,1.623,1.653,1.933,1.993,2.053,2.053,2.083,2.113,2.143,2.193,2.473,2.469,2.622,2.673
50B,50,B,2006,Zirco,7,596.93,140.39,1949.86,,0.4,0.67,0.824,0.842,1.193,1.139,1.303,1.353,1.433,1.453,1.443,1.623,1.593,1.653,1.893,1.853,2.093,2.073,2.053,2.123,2.133,2.143,2.363,2.337,2.489,2.616
51A,51,A,2010,Zirco,71,-456.56,101.51,1945.18,,-,-,-,-,0.352,0.3,0.428,0.498,0.648,0.678,0.698,1.088,1.068,1.058,1.308,1.288,1.338,1.448,1.438,1.618,1.618,1.618,1.748,1.77,1.796,1.834
51B,51,B,2010,Zirco,71,-457.98,91.18,1945.12,,-,-,-,-,0.463,0.372,0.558,0.648,0.788,0.758,0.818,1.078,1.088,1.088,1.278,1.31,1.408,1.468,1.448,1.608,1.698,1.688,1.718,1.768,1.818,1.882
52A,52,A,2008,Zirco,39,-332.96,120.58,1945.59,,-,0.13,0.349,-,0.695,0.595,0.64,0.695,0.875,0.885,0.985,1.155,1.145,1.175,1.405,1.438,1.525,1.675,1.635,1.735,1.715,1.715,1.915,2.009,2.047,2.111
52B,52,B,2008,Zirco,39,-334.23,111.39,1945.63,,-,0.13,0.308,-,0.522,0.497,0.76,0.72,0.92,0.95,0.95,1.04,1.14,1.14,1.39,1.375,1.46,1.55,1.54,1.73,1.8,1.79,1.94,1.921,1.985,2.086
53A,53,A,2008,Zirco,40,-209.81,138.89,1945.56,,-,0.2,0.633,-,0.747,0.72,0.97,0.98,1.14,1.12,1.19,1.33,1.31,1.36,1.53,1.57,1.68,1.66,1.68,1.88,1.87,1.9,2.05,2.077,2.270,2.335
53B,53,B,2008,Zirco,40,-211.83,129.76,1945.63,,-,0.1,0.509,-,0.67,0.669,0.934,0.954,1.084,1.074,1.074,1.284,1.294,1.294,1.484,1.487,1.744,1.714,1.694,1.774,1.784,1.794,1.944,1.957,2.360,2.361
54A,54,A,2008,Zirco,28,-121.93,136.3,1945.45,,-,0.33,0.659,0.703,1.156,1.256,1.286,1.296,1.376,1.456,1.466,1.676,1.656,1.656,1.856,1.918,2.156,2.126,2.216,2.236,2.276,2.326,2.366,2.442,2.696,2.722
54B,54,B,2008,Zirco,28,-129.58,142.24,1945.43,,-,0.43,0.749,0.783,1.143,1.098,1.248,1.298,1.488,1.538,1.528,1.668,1.658,1.648,1.838,1.905,2.078,2.118,2.118,2.328,2.328,2.308,2.518,2.516,2.592,2.745
55A,55,A,2007,Zirco,26,21.28,155.38,1946.32,,0.38,0.58,0.773,0.831,0.968,0.951,1.246,1.226,1.606,1.536,1.546,1.636,1.656,1.666,1.886,1.908,2.186,2.266,2.226,2.346,2.256,2.336,2.426,2.501,2.767,2.742
55B,55,B,2007,Zirco,26,11.35,153.44,1946.36,,0.28,0.48,0.707,0.749,0.922,0.902,1.072,1.082,1.322,1.362,1.372,1.592,1.592,1.622,1.752,1.743,2.062,2.032,2.012,2.292,2.332,2.282,2.312,2.336,2.539,2.615
56A,56,A,2007,Zirco,18,132.99,174.43,1947.36,,0.79,0.71,1.011,-,1.599,1.516,1.705,1.675,1.945,1.935,1.945,2.465,2.445,2.395,2.395,2.374,2.545,2.645,2.625,2.775,2.785,2.865,2.845,2.832,2.908,2.933
56B,56,B,2007,Zirco,18,123.91,176.94,1947.31,,0.79,0.56,0.826,-,1.455,1.361,1.593,1.643,1.863,1.813,1.813,2.043,2.163,2.143,2.353,2.358,2.523,2.503,2.483,2.673,2.643,2.643,2.683,2.7,2.992,2.941
57A,57,A,2006,Zirco,14,248.56,194.34,1949.66,,1.7,1.7,0.362,-,1.496,0.233,1.363,0.613,1.303,1.053,1.063,2.363,2.393,1.303,2.643,1.869,3.153,1.953,2.323,3.55,3.47,3.47,4.15,3.36,4.140,3.640
57B,57,B,2006,Zirco,14,241,200.45,1949.57,,1.25,1.25,0.257,-,1.151,0,0.67,0.41,0.79,0.76,0.88,2.3,2.3,1.28,2.62,1.606,2.61,2.15,2.56,3.75,3.67,3.62,4.45,3.656,4.444,3.936
58A,58,A,2006,Zirco,12,400.64,220.29,1949.76,,0.4,0.56,0.758,0.782,1.063,1.065,1.3,1.32,1.52,1.57,1.55,1.76,1.76,1.75,2.06,2.053,2.11,2.11,2.13,2.3,2.31,2.33,2.43,2.553,2.794,2.908
58B,58,B,2006,Zirco,12,393.09,215.05,1949.75,,0.4,0.64,0.862,0.887,1.095,1.098,1.328,1.358,1.498,1.508,1.578,1.718,1.728,1.738,2.038,2.036,2.158,2.278,2.348,2.338,2.328,2.378,2.568,2.527,2.794,2.972
59A,59,A,2006,Zirco,10,525.42,241.34,1949.77,,0.6,0.75,0.934,-,1.173,1.152,1.322,1.372,1.532,1.562,1.562,1.772,1.762,1.732,1.902,1.961,2.042,2.072,2.112,2.322,2.402,2.402,2.612,2.6,2.727,2.790
59B,59,B,2006,Zirco,10,517.81,235.2,1949.56,,0.6,0.89,1.108,-,1.295,1.254,1.547,1.577,1.857,1.867,1.847,1.847,1.837,1.897,2.147,2.187,2.377,2.367,2.367,2.397,2.547,2.587,2.657,2.676,2.904,3.006
60A,60,A,2008,Zirco,35,-415.88,231.54,1945.58,,-,0.14,0.279,-,0.555,0.536,0.786,0.911,1.101,0.981,1.071,1.181,1.241,1.231,1.421,1.462,1.611,1.601,1.591,1.661,1.691,1.711,1.871,1.932,1.982,2.046
60B,60,B,2008,Zirco,35,-412.24,222.4,1945.59,,-,0.14,0.262,-,0.693,0.619,0.809,0.919,1.009,1.159,1.029,1.269,1.359,1.339,1.369,1.421,1.629,1.639,1.689,1.819,1.809,1.819,1.859,2.03,1.954,2.018
61A,61,A,2008,Zirco,37,-288.46,232.63,1945.89,,-,0.1,0.193,-,0.534,0.481,0.615,0.675,0.865,0.865,0.845,1.035,1.075,1.105,1.305,1.368,1.525,1.515,1.495,1.655,1.645,1.625,1.755,1.774,2.028,2.104
61B,61,B,2008,Zirco,37,-292.15,223.9,1945.87,,-,0.15,0.232,-,0.532,0.482,0.648,0.658,0.978,0.948,0.928,1.188,1.188,1.168,1.408,1.386,1.498,1.508,1.498,1.638,1.638,1.688,1.748,1.78,2.021,2.072
62A,62,A,2008,Zirco,27,-201.87,234.75,1945.96,,-,0.08,0.289,-,0.545,0.504,0.749,0.789,0.899,0.929,0.919,1.229,1.199,1.189,1.429,1.499,1.549,1.679,1.689,1.839,1.819,1.839,1.889,1.931,2.185,2.210
62B,62,B,2008,Zirco,27,-209.38,240.98,1945.99,,-,0.05,0.221,-,0.517,0.481,0.661,0.761,0.861,0.891,0.911,1.191,1.181,1.171,1.311,1.409,1.641,1.691,1.681,1.741,1.731,1.761,1.991,1.993,2.235,2.247
63A,63,A,2008,Zirco,29,-53.24,255.47,1946.52,,-,0.24,0.293,-,0.674,0.609,0.814,0.944,1.054,1.024,1.014,1.284,1.264,1.294,1.614,1.632,1.774,1.734,1.704,1.824,1.874,1.884,2.124,2.098,2.275,2.288
63B,63,B,2008,Zirco,29,-61.43,252.28,1946.45,,-,0.42,0.361,-,0.611,0.528,0.728,0.828,0.958,0.968,0.978,1.198,1.168,1.218,1.588,1.558,1.678,1.818,1.768,1.998,1.978,1.968,2.018,2.015,1.989,2.281
64A,64,A,2007,Zirco,25,64.81,272.17,1947.18,,0.48,0.74,0.963,-,1.255,1.348,1.481,1.521,1.691,1.681,1.661,1.961,1.951,1.981,2.171,2.173,2.251,2.281,2.451,2.421,2.441,2.531,2.641,2.492,2.885,2.885
64B,64,B,2007,Zirco,25,55.34,270.76,1947.32,,0.38,0.46,0.616,-,1.208,1.133,1.266,1.316,1.546,1.546,1.526,1.726,1.726,1.776,2.026,2.148,2.166,2.166,2.136,2.306,2.306,2.296,2.466,2.606,2.631,2.656
65A,65,A,2007,Zirco,19,153.32,302.92,1948.6,,1.04,0.74,0.876,-,1.099,1.051,1.269,1.269,1.549,1.559,1.579,1.609,1.629,1.679,1.919,1.938,2.039,2.109,2.089,2.269,2.259,2.309,2.419,2.518,2.632,2.746
65B,65,B,2007,Zirco,19,152.06,312.22,1948.48,,1.04,0.77,0.868,-,1.066,1.05,1.3,1.3,1.58,1.55,1.54,1.81,1.81,1.8,1.95,2.002,2.08,2.1,2.08,2.23,2.22,2.28,2.68,2.633,2.684,2.811
66A,66,A,2006,Zirco,15,320.09,316.7,1949.81,,0.45,0.76,0.729,0.744,1.147,1.109,1.229,1.229,1.429,1.409,1.349,1.679,1.639,1.669,2.159,2.115,2.139,2.159,2.139,2.239,2.299,2.309,2.479,2.569,2.746,2.721
66B,66,B,2006,Zirco,15,312.73,312.29,1949.71,,0.45,0.84,0.849,0.871,1.336,1.248,1.435,1.425,1.605,1.605,1.485,1.875,1.875,1.855,2.075,2.15,2.275,2.275,2.295,2.565,2.545,2.565,2.775,2.771,2.949,2.898
67A,67,A,2006,Zirco,11,440.38,333.14,1949.9,,0.2,0.58,0.693,0.733,1.066,1.063,1.203,1.213,1.343,1.383,1.473,1.563,1.603,1.723,1.823,1.828,1.973,1.973,1.983,2.143,2.163,2.163,2.323,2.372,2.550,2.652
67B,67,B,2006,Zirco,11,430.96,330.85,1949.86,,0.45,0.62,1.027,1.042,1.166,1.113,1.193,1.223,1.503,1.473,1.483,1.573,1.663,1.693,1.863,1.878,1.933,1.973,1.953,2.163,2.163,2.273,2.383,2.388,2.783,2.743
68A,68,A,2008,Zirco,36,-403.66,311.97,1945.64,,-,0.2,0.34,-,0.843,0.76,0.89,0.96,1.16,1.15,1.13,1.24,1.22,1.27,1.38,1.538,1.71,1.71,1.66,1.88,1.86,1.86,1.93,1.976,1.982,2.046
68B,68,B,2008,Zirco,36,-411.03,317.17,1945.57,,-,0.2,0.367,-,0.716,0.691,0.841,0.941,1.021,1.041,1.071,1.391,1.371,1.371,1.531,1.75,1.731,1.771,1.751,1.791,1.891,1.921,1.941,2.03,2.030,2.157
69A,69,A,2008,Zirco,33,-279.81,330.92,1946.09,,-,0.06,0.189,-,0.49,0.451,0.591,0.631,0.771,0.731,0.751,1.121,1.111,1.091,1.161,1.237,1.311,1.341,1.431,1.551,1.581,1.601,1.691,1.681,1.707,1.745
69B,69,B,2008,Zirco,33,-287.45,336.22,1946,,-,0.15,0.248,-,0.589,0.528,0.643,0.713,1.033,1.033,1.033,1.163,1.133,1.173,1.223,1.361,1.383,1.493,1.473,1.563,1.613,1.643,1.823,1.78,1.844,1.869
70A,70,A,2008,Zirco,34,-161.68,354.23,1946.18,,-,0.18,0.444,-,0.728,0.679,0.794,0.844,1.054,1.034,1.214,1.224,1.214,1.214,1.544,1.471,1.634,1.724,-,1.924,1.904,1.894,2.104,2.106,2.414,2.537
70B,70,B,2008,Zirco,34,-167.91,361.4,1946.22,,-,0.18,0.511,-,0.702,0.659,0.869,0.859,1.019,1.009,1.009,1.129,1.139,1.169,1.359,1.375,1.599,1.589,-,1.739,1.759,1.769,1.999,2.022,2.399,2.400
71A,71,A,2007,Zirco,24,-12.5,369.96,1946.98,,0.76,0.67,0.784,0.828,1.004,0.979,1.124,1.184,1.494,1.474,1.454,1.624,1.634,1.684,1.864,1.876,2.044,2.084,2.114,2.274,2.294,2.304,2.614,2.567,2.809,2.771
71B,71,B,2007,Zirco,24,-21.82,367.29,1947.06,,0.76,0.67,0.857,0.922,1.013,0.991,1.106,1.106,1.446,1.326,1.326,1.646,1.656,1.656,1.766,1.839,1.966,1.996,2.136,2.186,2.166,2.196,2.366,2.486,2.613,2.664
72A,72,A,2007,Zirco,21,123.73,400.72,1948.63,,0.3,0.43,0.595,0.633,0.92,0.884,0.904,0.934,1.184,1.164,1.164,1.304,1.294,1.284,1.494,1.605,1.654,1.764,1.774,1.804,1.824,1.874,2.034,2.05,2.380,2.409
72B,72,B,2007,Zirco,21,116.86,393.31,1948.63,,0.33,0.38,0.637,0.653,0.906,0.818,0.928,0.968,1.148,1.128,1.138,1.308,1.308,1.328,1.418,1.489,1.608,1.628,1.648,1.778,1.918,1.808,2.048,2.028,2.396,2.485
73A,73,A,2007,Zirco,20,207.71,412.85,1949.25,,0.46,0.58,0.739,0.766,1.156,1.086,1.231,1.291,1.331,1.371,1.361,1.471,1.501,1.531,1.681,1.791,1.921,1.941,1.921,2.051,2.071,2.171,2.281,2.292,2.508,2.534
73B,73,B,2007,Zirco,20,201.79,421.13,1949.24,,0.38,0.56,0.703,0.719,1.044,0.969,1.069,1.079,1.269,1.269,1.259,1.439,1.459,1.659,1.649,1.754,1.739,1.889,1.869,1.899,1.929,2.059,2.159,2.159,2.298,2.375
74A,74,A,2006,Zirco,16,369.49,430.77,1950.08,,0.45,0.57,0.66,0.719,0.977,0.939,1.182,1.152,1.252,1.282,1.292,1.412,1.432,1.442,1.632,1.696,1.832,1.832,1.862,1.972,2.002,2.002,2.052,2.154,2.243,2.332
74B,74,B,2006,Zirco,16,362.26,425.18,1949.98,,0.7,0.62,0.758,0.777,0.975,0.95,1.17,1.24,1.36,1.37,1.36,1.52,1.57,1.7,1.62,1.709,1.92,1.91,1.89,2.01,2,2.05,2.24,2.236,2.477,2.477
75A,75,A,2008,Zirco,31,-352.69,421.15,1946.01,,-,0.08,0.215,-,0.542,0.492,0.777,0.832,0.852,0.872,0.892,1.202,1.182,1.182,1.282,1.355,1.432,1.522,1.492,1.652,1.682,1.682,1.992,1.99,1.982,2.003
75B,75,B,2008,Zirco,31,-361.33,423.89,1946.03,,-,0.2,0.302,-,0.576,0.52,0.805,0.885,0.965,1.115,1.095,1.165,1.215,1.205,1.275,1.358,1.425,1.475,1.555,1.595,1.635,1.665,1.975,1.929,1.925,1.967
76A,76,A,2008,Zirco,32,-242.1,453.16,1946.28,,-,0.15,0.228,-,0.626,0.567,0.737,0.817,0.967,1.047,1.007,1.187,1.177,1.187,1.577,1.487,1.497,1.537,1.507,1.617,1.597,1.647,1.967,1.931,2.130,2.191
76B,76,B,2008,Zirco,32,-247.85,461.27,1946.19,,-,0.2,0.363,-,0.72,0.71,0.85,0.92,1.12,1.12,1.11,1.27,1.26,1.26,1.48,1.506,1.62,1.62,1.6,1.72,1.75,1.86,1.96,1.989,2.540,2.620
77A,77,A,2007,Zirco,23,-87.59,468.46,1946.85,,0.46,0.51,0.695,-,1.115,1.078,1.198,1.208,1.448,1.418,1.458,1.548,1.558,1.578,1.708,1.777,2.108,2.118,-,2.098,2.118,2.238,2.228,2.336,2.488,2.539
77B,77,B,2007,Zirco,23,-96.98,464.93,1946.98,,0.46,0.3,0.484,-,0.88,0.852,1.012,0.992,1.022,1.102,1.172,1.372,1.352,1.412,1.472,1.563,1.762,1.772,-,1.982,1.962,1.962,2.032,2.071,2.478,2.402
78A,78,A,2007,Zirco,22,1.85,494.5,1947.67,,0.15,0.41,0.553,-,0.657,0.658,0.791,0.961,1.151,1.181,1.211,1.311,1.341,1.361,1.701,1.618,1.821,1.801,1.781,1.831,1.861,1.901,2.131,2.139,2.316,2.329
78B,78,B,2007,Zirco,22,-2.28,503.47,1947.78,,0.15,0.36,0.459,-,0.584,0.531,0.871,0.841,1.031,1.121,1.091,1.221,1.251,1.271,1.341,1.458,1.491,1.551,1.541,1.671,1.751,1.861,1.851,1.953,2.030,2.233
79A,79,A,2011,Tyvek,79,17.89,-94.83,1945.93,,-,-,-,-,-,-,0.171,0.281,0.391,0.411,0.411,0.771,0.801,0.761,1.161,1.211,1.421,1.371,1.381,1.471,1.471,1.471,1.841,1.821,1.948,1.948
79B,79,B,2011,Zirco,79,10.68,-87.9,1946.12,,-,-,-,-,-,-,0.414,0.374,0.634,0.594,0.594,0.934,0.934,0.924,1.204,1.175,1.614,1.574,1.544,1.634,1.624,1.614,2.064,2.013,2.217,2.219
80A,80,A,2011,Tyvek,80,76.53,-42.21,1946.05,,-,-,-,-,-,-,0.158,0.158,0.218,0.288,0.328,0.398,0.448,0.458,0.768,0.81,0.968,1.038,1.078,1.088,1.098,1.198,1.458,1.407,1.546,1.902
80B,80,B,2011,Zirco,80,85.74,-45.73,1946.04,,-,-,-,-,-,-,0.05,0.04,0.09,0.15,0.14,0.16,0.19,0.26,0.39,0.499,0.71,0.69,0.67,0.69,0.77,0.82,0.89,1.028,1.422,1.358
81A,81,A,2011,Tyvek,81,77.36,37.9,1946.18,,-,-,-,-,-,-,-,0.32,0.45,0.45,0.45,0.74,0.75,0.72,1.18,1.1,1.3,1.33,1.32,1.44,1.46,1.44,1.68,1.647,1.939,1.913
81B,81,B,2011,Tyvek,81,87.12,40.12,1946.22,,-,-,-,-,-,-,-,0.33,0.35,0.38,0.37,0.65,0.64,0.61,0.89,0.958,1.12,1.12,1.13,1.32,1.35,1.34,1.53,1.504,1.644,1.720